{"List_nodes":[
 	{"id":0,"h":11.0},
	{"id":1,"h":7.0},
	{"id":2,"h":5.0},
	{"id":3,"h":10.0},
	{"id":4,"h":3.0},
	{"id":5,"h":5.0},
	{"id":6,"h":9.0},
	{"id":7,"h":4.0},
	{"id":8,"h":11.0},
	{"id":9,"h":3.0},
	{"id":10,"h":18.0},
	{"id":11,"h":21.0},
	{"id":12,"h":5.0},
	{"id":13,"h":11.0},
	{"id":14,"h":3.0},
	{"id":15,"h":0.0}],
"List_edges":[
	{"nodes":[0,6],"cost":8},
	{"nodes":[1,3],"cost":9},
	{"nodes":[1,7],"cost":6},
	{"nodes":[2,3],"cost":10},
	{"nodes":[3,0],"cost":2},
	{"nodes":[3,5],"cost":9},
	{"nodes":[3,10],"cost":9},
	{"nodes":[3,12],"cost":4},
	{"nodes":[3,14],"cost":8},
	{"nodes":[4,0],"cost":9},
	{"nodes":[4,1],"cost":6},
	{"nodes":[4,2],"cost":7},
	{"nodes":[4,6],"cost":2},
	{"nodes":[5,0],"cost":5},
	{"nodes":[5,3],"cost":4},
	{"nodes":[5,4],"cost":2},
	{"nodes":[6,5],"cost":3},
	{"nodes":[7,0],"cost":4},
	{"nodes":[7,5],"cost":1},
	{"nodes":[7,10],"cost":8},
	{"nodes":[7,11],"cost":9},
	{"nodes":[8,3],"cost":8},
	{"nodes":[8,6],"cost":10},
	{"nodes":[8,7],"cost":1},
	{"nodes":[8,11],"cost":1},
	{"nodes":[8,13],"cost":9},
	{"nodes":[9,3],"cost":10},
	{"nodes":[9,6],"cost":6},
	{"nodes":[9,7],"cost":10},
	{"nodes":[10,8],"cost":8},
	{"nodes":[10,7],"cost":5},
	{"nodes":[10,14],"cost":6},
	{"nodes":[11,8],"cost":8},
	{"nodes":[11,10],"cost":3},
	{"nodes":[11,7],"cost":10},
	{"nodes":[11,13],"cost":2},
	{"nodes":[11,14],"cost":3},
	{"nodes":[12,11],"cost":4},
	{"nodes":[12,10],"cost":10},
	{"nodes":[12,3],"cost":5},
	{"nodes":[12,15],"cost":6},
	{"nodes":[13,2],"cost":8},
	{"nodes":[14,10],"cost":4},
	{"nodes":[15,3],"cost":8},
	{"nodes":[15,13],"cost":6}]}