{"path":[
	{"id":0,
	"state":0,
	"father:"-1,
	"action":"-1",
	"f":25.00,
	"cost":0.00,
	"depth":,0,
	"h":,25.00,
	"cut":"S",
	"sons":[1]},
	{"id":1,
	"state":6,
	"father:"0,
	"action":"0->6",
	"f":17.00,
	"cost":8.00,
	"depth":,1,
	"h":,17.00,
	"cut":"S",
	"sons":[2]},
	{"id":2,
	"state":5,
	"father:"1,
	"action":"6->5",
	"f":14.00,
	"cost":11.00,
	"depth":,2,
	"h":,14.00,
	"cut":"S",
	"sons":[3,4,5]},
	{"id":4,
	"state":3,
	"father:"2,
	"action":"5->3",
	"f":10.00,
	"cost":15.00,
	"depth":,3,
	"h":,10.00,
	"cut":"S",
	"sons":[6,7,8,9,10]},
	{"id":9,
	"state":12,
	"father:"4,
	"action":"3->12",
	"f":6.00,
	"cost":19.00,
	"depth":,4,
	"h":,6.00,
	"cut":"S",
	"sons":[11,12,13,14]},
	{"id":14,
	"state":15,
	"father:"9,
	"action":"12->15",
	"f":0.00,
	"cost":25.00,
	"depth":,5,
	"h":,0.00,
	"cut":"S",
	"sons":[[]]}]}